<?xml version="1.0" encoding="UTF-8"?>
<project-private xmlns="http://www.netbeans.org/ns/project-private/1">
    <editor-bookmarks xmlns="http://www.netbeans.org/ns/editor-bookmarks/2" lastBookmarkId="0"/>
    <open-files xmlns="http://www.netbeans.org/ns/projectui-open-files/2">
        <group>
            <file>file:/C:/xampp/htdocs/blog/lib/Post.php</file>
            <file>file:/C:/xampp/htdocs/blog/posts.php</file>
            <file>file:/C:/xampp/htdocs/blog/posts/createPost.php</file>
            <file>file:/C:/xampp/htdocs/blog/login.php</file>
            <file>file:/C:/xampp/htdocs/blog/index.php</file>
            <file>file:/C:/xampp/htdocs/blog/inc/header.php</file>
            <file>file:/C:/xampp/htdocs/blog/lib/User.php</file>
            <file>file:/C:/xampp/htdocs/blog/register.php</file>
            <file>file:/C:/xampp/htdocs/blog/js/register.js</file>
        </group>
    </open-files>
</project-private>
